product_id	visibility_terms
5940	
5996	
6034	
6037	
6041	
6045	
6047	
6082	
6088	
6101	
6113	
6115	
6154	
6156	
6181	
6185	
6187	
6190	
6192	
6194	
6197	
6199	
6201	
6203	
6205	
6207	
6210	
6218	
6220	
6230	
6233	
6236	
6243	
6247	
6251	
6254	
6255	
6256	
6260	
6264	
6267	
6271	
6278	
6283	
6285	
6288	
6293	
6299	
6312	
6318	
6324	
6330	
6335	
6341	
6345	
6346	
6350	
6353	
6354	
6360	
6361	
6364	
6370	
6374	
6389	
6390	
6392	
6400	
6401	
6405	
6411	
6414	
6416	
6423	
6425	
6426	
6429	
6431	
6433	
6435	
6436	
6438	
6441	
6443	
6445	
6448	
6465	
6467	
6470	
6472	
6474	
6482	
6484	
6486	
6488	
6490	
6494	
6506	
6507	
6509	
6513	
6520	
6526	
6528	
6531	
6536	
6538	
6540	
6543	
6546	
6557	
6561	
6564	
6569	
6575	
6577	
6578	
6579	
6580	
6582	
6583	
6585	
6589	
6596	
6597	
6598	
6599	
6600	
6601	
6602	
6603	
6604	
6610	
6647	
6653	
6661	
6664	
6665	
6674	
6676	
6683	
6686	
6689	
6691	
6693	
6697	
6699	
6701	
6703	
6704	
6705	
6707	
6708	
6709	
6710	
6712	
6713	
6715	
6721	
6723	
6728	
6731	
6733	
6736	
6738	
6739	
6741	
6747	
6748	
6750	
6752	
6755	
6757	
6760	
6763	
6764	
6770	
6783	
6785	
6791	
6793	
6795	
6797	
6810	
6820	
6836	
6839	
6841	
6843	
6846	
6852	
6860	
6872	
6874	
6876	
6884	
6897	
6899	
6910	
6916	
6918	
6920	
6928	
6930	
6934	
6942	
6944	
6962	
6964	
6972	
6985	
6992	
6994	
6997	
7000	
7003	
7009	
7012	
7014	
7017	
7039	
7043	
7044	
7047	
7060	
7065	
7066	
7077	
7081	
7086	
7089	
7091	
7100	
7103	
7120	
7122	
7124	
7126	
7137	
7145	
7150	
7153	
7156	
7167	
7169	
7171	
7173	rated-5
7177	
7224	
7228	
7230	
7232	
7233	
7235	
7243	
7254	
7255	
7260	
7261	
7262	
7263	
7265	
7266	
7269	
7272	
7273	
7275	
7277	
7278	
7279	
7281	
7286	
7292	
7303	
7307	
7383	
7395	
7405	
7407	
7411	
7416	
7425	
7427	
7430	
7442	
7443	
7445	
7446	
7450	
7458	
7463	
7464	
7466	
7467	
7479	
7480	
7491	
7496	
7505	
7513	
7749	
7751	
7780	
7781	
7783	featured
7789	
7791	
7794	
7819	
7824	
7828	
7831	
7834	
8007	
8009	
8012	
8314	
8316	
8328	
8336	
8345	
8350	
8359	
8361	
8363	
8364	
8367	
8370	
19063	
19111	
21148	
22130	
22188	
22209	
22313	
22315	
22323	
22329	
22330	
22332	
22334	
22335	
22344	
22346	
22348	
22359	
22365	
22370	
22386	
22393	
22396	
22401	
22403	
22405	
22413	
22415	
22417	
22419	
22421	
22422	
22424	
22429	
22431	
22667	
22712	
22725	
22727	
22729	
22731	
22733	
22735	
22737	
22739	
22897	
23738	
24629	
24631	
24818	
24820	
24822	
24851	
24856	
24871	
24883	
24885	
24887	
24889	
24891	
24893	
24895	
24897	
24899	
24901	
25233	
25243	
28342	
28365	
28369	
28389	
28398	
28399	
28409	
28410	
28412	
28647	
28651	
28654	
28664	
28674	
28676	
28678	
29276	
29280	
29281	
29284	
29373	
29376	
29377	
29380	
29383	
29757	
30487	
30490	
30492	
30494	
30496	
30498	
30500	
30502	
30504	
30506	
30508	
30510	
30513	
30515	
30517	
30519	
30521	
30523	
30525	
30527	
30529	
30532	
30534	
30536	
30539	
30541	
30543	
30545	
30547	
30550	
30552	
30554	
30556	
30558	
30560	
30562	
30564	
30731	
30734	
31943	
31946	
31948	
31951	
31953	
31956	
31958	
31960	
32083	
32088	
32089	
32090	
32097	
32099	
32101	
32103	
32105	
32107	
32109	
32111	
32113	
32115	
32117	
32119	
32121	
32123	
32125	
32127	
32129	
32131	
32133	
32204	
32209	
32210	
32212	
32216	
32224	
32225	
32226	
32263	
32264	
32265	
32266	
32267	
32268	
32269	
32270	
32271	
32272	
32273	
32274	
32275	
32276	
32277	
32278	
32279	
32280	
32296	
32297	
32302	
32303	
32304	
32305	
32318	
32319	
32320	
32321	
32322	
32323	
32324	
32325	
32326	
32327	
32328	
32329	
32334	
32337	
32338	
32423	
32713	
32728	
32733	
